generator,metric,mean_delta,ci_lo,ci_hi,p_value,n_pairs
smote,f1_macro,0.00010121949042452005,0.00010121949042452005,0.00010121949042452005,1.0,1
smote-enn,f1_macro,-0.0020601875111119217,-0.0020601875111119217,-0.0020601875111119217,1.0,1
smote-tomek,f1_macro,-0.0003701133417921554,-0.0003701133417921554,-0.0003701133417921554,1.0,1
